patient_id,bmi,alt,ast,bilirubin,medication_a,medication_b,toxicity
1,30.29716390063533,27.597702949570085,31.386204684361076,0.5343075002729134,0,0,0
2,30.91673144243058,75.37705091285659,32.7252555943403,0.5362603758398562,1,0,1
3,30.342417083998853,57.71177261076428,45.25779799932282,0.6554208461694002,0,1,1
4,25.59172131838228,18.122256513148475,8.47741132310398,0.5381113193039151,0,0,0
5,28.508108458780086,26.0741474166357,,0.5011408177589817,0,0,0
6,,42.20405000186901,30.91083165550853,0.321089906788198,0,0,0
7,28.412974567899663,67.77399440347254,35.62723722955586,0.29031947824228854,0,0,1
8,26.642083109697204,33.08906459227643,34.27472343989102,0.3704209805362082,0,1,0
9,25.668359783461508,14.848162576247113,13.644736733462677,0.6417219088006,0,0,0
10,19.8517438138976,35.596527537839904,3.8164340299357367,0.35265959144493697,1,0,0
11,28.26427645270788,34.676271010110696,21.30739543146987,1.0123920479536148,1,0,0
12,33.58811211323002,55.2270747757779,39.35703953552242,0.27201833702457356,0,0,1
13,24.075233151299106,,11.056444292492834,0.19382704397458433,1,0,0
14,24.781393813735377,10.280494832172637,16.269926639689427,0.28915790480680753,0,0,0
15,22.667085452668005,30.78576446060704,13.94282528870566,0.9037005146490031,1,0,0
16,21.775845860594703,42.678773267354,21.077064765670364,0.7993565638617837,0,1,0
17,23.095646989406866,4.988519120093883,15.211728645558185,0.5161706406227332,0,0,0
18,32.899703531814495,60.65325070507693,,,1,0,1
19,19.79427134086641,-8.026711939904771,12.014158107310308,0.6825817451884754,0,1,0
20,25.420820431855077,36.94693423251817,29.21095113960231,0.454799471339897,1,1,1
21,24.219116952165955,7.17261040643224,11.628146000862442,0.5552702972381133,0,0,0
22,25.26599044497048,43.55505562492213,15.133562927289761,,1,0,0
23,25.901075354781995,12.031619440820469,24.724688135366367,0.7992484491496303,0,0,0
24,26.964997952152398,37.64455422760015,23.170366467503907,0.4329341404679633,1,0,0
25,22.113975784214404,42.410005992789166,11.441087914074132,0.1,1,0,0
26,31.848355845951083,51.77755880349234,52.72031538110291,0.5154894340570088,1,1,1
27,27.685583401431902,59.2091421836554,42.32522198529839,0.6818765613961869,0,1,1
28,27.441467118887193,20.983019842152807,36.788914421721074,0.3108625380261142,0,0,0
29,25.86146002913269,14.554573942203843,21.39082456234366,0.7211657895819067,0,0,0
30,26.947807287742126,,13.347793111051697,0.528368258190667,1,0,0
31,33.37069277644299,57.80453452894774,31.494249542648518,0.5561423785793472,1,0,1
32,23.242213835847295,20.374518009255873,,0.368534391755198,1,1,1
33,29.055360221840406,43.78887209043866,32.737449209160275,0.20122529514518445,1,1,1
34,22.35132631329287,4.856159927463226,29.31185642289561,,0,1,0
35,32.506528796563394,,31.09536031126013,0.31195034933586774,0,0,0
36,24.217020324734822,35.245564228413585,,0.19351338731563583,1,0,0
37,32.9031905999133,45.89742643302736,32.855109425408685,0.2611595455883348,0,0,0
38,32.44386532051713,70.10305260316142,,,0,0,1
39,26.352754875500032,41.260814540561405,,0.1,0,0,0
40,28.96136716722882,40.52967780808679,30.741657197998137,0.4517943792852322,0,1,0
41,30.514597765931857,64.95595469899888,37.91723048682227,0.11982587291674068,0,0,1
42,23.46888500396359,32.84853090266769,9.73818261740733,0.37289297493686113,1,0,0
43,25.052813474900642,34.8910084172343,16.478051721361634,0.6208464250188582,1,0,0
44,24.889718988645082,33.69497884532346,41.19889176764299,0.4603230232422123,1,1,1
45,36.54395790329437,46.77954141603573,39.594695208018194,0.46844120225060215,0,0,0
46,22.685707029207677,22.769555056466753,13.918607433374106,0.4997861592009096,0,0,0
47,,17.04566668603427,18.53979332157337,0.4280377639749341,0,0,0
48,26.175090157604455,42.43833470721516,9.045473265515948,0.976966144058844,1,0,0
49,29.250355292989912,59.19263058811309,22.338176857650343,0.7516883899602083,1,0,1
50,28.872679927695998,46.846034188332546,19.98429822225247,0.540028234831278,0,0,0
51,28.26353338113293,25.258448173122307,,0.440202599276195,0,0,0
52,32.60494745358787,60.92382039154424,33.26446960223905,,1,0,1
53,29.888539064279094,29.468831650143592,,0.6176835553256333,0,0,0
54,31.267630046730154,,28.624751360219026,0.528773633569806,1,0,0
55,28.185611879710684,61.64692101287223,19.637176365441164,0.5228615426765381,1,0,1
56,25.72023582369512,19.107118036216228,25.04526274022693,,0,1,0
57,28.03533345633277,25.040105354294703,30.68404858495766,0.7347210783614403,0,0,0
58,27.871161288072862,27.777427010602324,29.663544765684016,0.25565639311978305,0,0,0
59,33.650295561128615,,38.324224099124734,0.6224656577274541,1,0,1
60,23.531703395248712,,19.554786041503693,0.5746663808503027,1,1,1
61,20.591135386571807,4.807028194869172,16.365570180067866,0.5185367747107785,0,0,0
62,23.568783675909216,19.056547667923923,20.984572028061883,,0,0,0
63,29.61433230060678,45.68521038053326,38.474372712397106,0.522862232671923,0,1,0
64,24.023608171208437,34.22978641583054,18.54177207266692,0.369013144939481,0,0,0
65,27.018276017458447,105.67331123947574,18.0921122424468,,1,0,1
66,27.33572995775195,35.22550010599021,12.261287318889737,0.5487644710387848,0,0,0
67,31.410405371155953,75.88866757981191,38.102372539715404,,1,0,1
68,31.725221246211476,61.00356418375397,31.98734753594364,0.18219948949535048,1,0,1
69,25.199660299093047,41.017388105499435,12.073602314292602,0.2887117737193436,1,0,0
70,21.08024456783724,9.758787874993992,0.4232337715107306,0.5806927389512058,0,0,0
71,27.4744135197354,16.558169286896568,12.408365092367077,0.2958182573160126,0,0,0
72,21.12946269489293,24.80095524293565,13.234721195627955,0.30993242960231643,1,1,1
73,25.295943467124484,19.914675552064736,48.61119614273213,0.33318960895854,0,1,1
74,,44.351679628201516,32.354108097847046,0.43528073439559856,0,0,0
75,26.817871922952083,29.576983475585934,31.20911488927473,0.3472162296426865,0,0,0
76,23.77624724360565,23.34839824134419,12.96297924330029,0.352382840106819,0,0,0
77,27.744466359459178,23.272219887359455,18.110997189829952,0.6607691361186863,0,0,0
78,22.66151763841738,22.849861780935196,17.33337572272585,0.43101275181767007,1,0,0
79,21.960241401567757,10.06166024761609,6.050600318464074,0.23316134012310946,0,0,0
80,28.952151600659004,18.588421571327103,25.19278344343252,0.3315834728357183,0,0,0
81,26.1242092013011,20.32659600457487,19.163736059621883,0.5000467580787064,0,0,0
82,22.983012763381932,31.578338993469455,31.0454766861368,0.6925647268318531,0,1,0
83,25.257683829106163,44.28117418253051,19.29453515100045,0.5476386807142939,1,0,0
84,25.984201993093706,18.48800312306639,24.480435567675137,0.46785500947841324,0,1,0
85,19.61042253003147,2.8394775585330194,13.584688769692537,,0,1,0
86,30.148990503891103,53.80903678061918,22.968094619304324,,1,0,1
87,27.616281298309108,25.217546018683308,,,0,0,0
88,29.546489244703885,30.214703839692717,,0.6291701587162355,0,0,0
89,20.915493971249575,10.587196990028374,7.634774274476163,0.3589685071009329,1,0,0
90,24.507878010284433,34.12916126417541,21.29759840868882,,0,0,0
91,24.638044917574597,,22.979708817198173,0.2958571417798844,0,0,0
92,27.416121923273458,19.956516669613062,28.069076606257305,,0,1,0
93,18.88684574282261,-2.558285972072829,1.3907735174644813,0.6862311773883972,0,0,0
94,31.153667412369387,,27.376420307443876,0.1,1,0,1
95,28.552113080725043,34.58740893680984,23.912043947463918,0.5120698112492243,0,0,0
96,26.138593457620566,36.25112220644688,29.947179668090534,0.6325563916081657,0,0,0
97,20.73463372010139,8.02215740100197,11.149163887283791,0.4538460495089043,0,0,0
98,20.5150206621399,37.87105122261475,-1.3472851169330626,0.7057539122469215,0,0,0
99,29.452721396153876,58.15689414411747,42.7407704319295,0.3349376708443622,1,1,1
100,24.697242974109276,24.807035234982706,26.338188507478538,0.6560180095919315,0,0,0
101,30.31027005165724,45.28940098166368,33.365938561250104,,1,0,0
102,35.64025314914356,57.53727246877938,35.857784396825515,,0,0,1
103,25.213084313061486,33.70204021101622,18.627187344244053,0.27251418932274707,0,0,0
104,24.41507543136845,21.01106157767412,15.7146240544322,,0,0,0
105,26.853294845313016,29.438822425015573,17.1002585583746,0.4269137724430606,1,0,0
106,30.08353430771638,30.239098383069884,32.45488942859937,0.6355642469515316,0,0,0
107,21.836084014868312,19.824318486254338,16.11956426918621,0.5657025623721491,0,0,0
108,31.19225431648404,32.50271104413078,33.91838475580127,0.48065101685078093,0,0,0
109,25.55679104410804,,13.123465140023105,0.3554629986856871,0,0,0
110,28.82945370831733,41.09401064243991,22.052706343884147,0.523781720805077,0,0,0
111,27.33674226598251,28.86891295599673,29.496709728523292,,0,0,0
112,33.09267842323252,79.05350315301291,38.51754093286691,,1,1,1
113,,19.394765383223007,17.594388616147064,0.49312870236635287,0,0,0
114,27.07299332933358,31.280716814491402,14.309560627983696,0.48762559969164915,0,0,0
115,24.95293035780979,41.83855607230302,12.852836556606682,0.5128599480760877,1,0,0
116,30.154989759990105,88.3944496931752,27.233204224381414,0.46245380301363703,1,0,1
117,28.23896152291737,46.79953054142634,36.665865243340505,0.6181287309105439,0,0,0
118,27.65920189572812,23.089105579947603,21.313165208772375,0.3929297237484892,0,0,0
119,,23.983381486174,18.310971014858783,0.6724274052564672,1,0,0
120,25.113390070342724,16.665915051667827,11.426651271190682,,0,0,0
121,24.22695614848197,20.663523291831257,8.808033853225423,0.1,1,0,0
122,29.16925817940162,43.27884607685145,60.81419895723437,0.8403035856344405,1,1,1
123,20.546939203119308,18.995756005869318,3.042462467946967,,0,0,0
124,35.764456649151455,103.3320414592287,,,1,0,1
125,25.197602234032278,32.218475353794766,10.236414279608097,0.2371577349637588,0,0,0
126,27.870607244160425,29.884178535730406,28.004983409753414,0.27329154698685987,0,1,0
127,,,20.322219998857797,0.4020786898530457,0,0,0
128,27.21789500770482,37.299061193761666,,0.7092014576693265,1,1,1
129,22.89346167093612,8.18901742508452,7.952535922308524,0.5466672561624902,0,0,0
130,28.282128981238234,35.72235147828274,17.740924216704272,0.6480541830784103,1,0,0
131,24.07603944851224,10.71862894708617,23.256719845335653,0.5459146885611535,0,1,0
132,,13.194353526433837,25.496212092169117,,0,1,0
133,21.397494314837505,1.324794878148717,15.379765877683692,0.3460914654975552,0,0,0
134,28.685560451087024,24.944880304388086,35.65371657473122,0.33000376390053276,0,1,0
135,21.04117284870977,10.860600069159908,12.802542930879927,0.5178665195639311,1,0,0
136,22.326042008843224,58.83654419615171,23.175348914223594,0.35316004291708114,0,1,1
137,28.825929370605294,51.55219219385562,29.660670057662184,0.21459083465112766,1,1,1
138,21.028604110298012,19.859275110954336,6.307418399603588,0.19755710331908133,0,0,0
139,23.216525652270743,38.961536380676606,9.785554254756597,0.5624517559775449,1,0,0
140,22.905671509115226,27.80855575056339,,0.3073002366794456,1,0,0
141,,22.992788658338622,,0.37382259118994127,0,1,0
142,,26.302770831784223,7.404558308759203,0.4262496322313462,1,0,0
143,26.91716011080659,,,0.44366447386094865,0,1,0
144,28.104467375549195,36.88334276693417,16.700320410041158,0.6329792519960358,0,0,0
145,27.766801818484385,23.57852211260149,39.54685846776281,0.5617417154540887,0,0,0
146,25.225911379331283,29.126273567351145,15.224246535815315,0.22341505098163733,0,0,0
147,22.664799207275678,,9.151185672759746,0.6063998872300576,0,0,0
148,23.806133951328487,43.39948299086923,,0.4273632999150412,1,0,0
149,19.95218877494706,-9.488469351091352,-1.7283321371054328,0.3311469498799305,0,0,0
150,30.320470855558757,35.15020712528688,34.22488046758093,0.8924443027981903,0,0,0
151,27.963925671233312,30.750586765520175,25.27078303257454,0.6187128484479989,0,0,0
152,22.050789446304115,5.97771012730062,12.724615634424506,0.6247709103492276,0,0,0
153,28.408400376863632,19.139997759445826,25.413609955818117,0.3439850842478108,0,0,0
154,23.42303078121928,25.79705698720434,15.537994337072956,0.38132496728878174,1,0,0
155,24.279535400877958,29.811074509120978,39.040789439545996,0.5300208460654855,0,1,0
156,31.960302051602767,,56.096616837867984,0.6493372022374397,0,1,1
157,27.799184135958786,23.468779177474648,18.832539417935664,0.720380075026061,0,0,0
158,28.819473016280146,24.037831111102992,,0.6989324376720559,0,0,0
159,30.06587324942688,64.65216294838787,20.18867479762026,0.4250199261838118,1,0,1
160,26.296206580107082,14.70161597367179,17.01606597975512,0.3600391697783324,0,0,0
161,33.02839103151035,,37.99518854399804,0.46432650643325135,0,0,0
162,35.46665172423654,46.9287729299792,,0.18674619880072907,0,1,1
163,25.905297389114963,34.28349431452797,20.35627544486616,0.5403935375596389,1,0,0
164,30.10124511709457,30.891635886926345,,0.44934612086687403,0,0,0
165,24.541851016841544,38.60858470237275,25.648125533325548,0.5567905937575399,1,0,0
166,22.38388569621558,,22.753946272262,,1,1,1
167,28.635506121100843,47.611351126837036,33.683807467233414,0.43323100437557105,1,0,0
168,29.792899354577987,40.662113069400235,20.045192218708536,0.31199436797989744,0,0,0
169,,61.430651075424834,3.320944383508385,0.31310646642785056,1,0,1
170,25.2888407602369,32.7817827761471,31.674528617698346,0.653278859826169,0,1,0
171,25.40347718735544,45.585538575204595,34.17948008491792,0.479949301616704,1,1,1
172,33.741299238102144,69.8977728370532,42.668277909432874,1.0662694638895411,1,0,1
173,27.24423234634048,,33.11273092986588,0.7483169535069317,0,0,0
174,19.90564558121227,-1.6738239345156565,1.876448781092554,0.2942116589759507,0,0,0
175,25.867816296416432,51.14251765104018,22.88767397364065,,1,0,1
176,27.285512278224008,19.639360268914363,13.072633203540397,0.6738500146892993,0,0,0
177,24.542103455012615,30.143611346224237,10.098610951083034,0.5000305105235626,0,0,0
178,32.353642267528876,82.49281355677344,29.4260765484822,0.7938543279594901,1,0,1
179,29.404778278134277,47.166590044877594,39.320869196149175,0.29212712363487103,1,1,1
180,29.194511504070885,20.027008653513338,22.476123666608885,0.4203865828597889,0,0,0
181,32.3541618911965,59.90281870809368,44.229578296769375,0.27423058380926457,1,1,1
182,23.860453617614276,6.45886374722479,,0.961256793150435,0,0,0
183,28.55417665569767,36.33329612025617,26.56683117554455,0.4826256764063761,0,1,0
184,31.144057248564017,43.770673311164416,39.826777942652555,,1,0,0
185,25.102014976045055,27.239316205544654,28.870007734641202,0.42114302278450716,1,0,0
186,28.677048898039878,,22.747345577476587,0.4729193105974964,0,0,0
187,23.275374228511602,12.519615552266785,15.522977137922421,0.28904921180286924,0,0,0
188,28.711067362364588,29.87959203555831,15.705350309160174,0.6977521855496481,0,0,0
189,25.606421139212873,48.55700254177913,16.46419071209364,0.8668751109810875,0,0,0
190,29.306294540983828,31.529211920117056,30.791689240407695,0.4272352058544522,0,0,0
191,33.037374069217925,58.20627280285361,39.03292580995996,0.26431633570079527,0,0,1
192,26.004720446127898,30.824917361675396,18.36881226420404,0.844133464012424,1,0,0
193,31.199392486554046,45.725608367478806,41.25344411823462,0.4879577000549597,1,1,1
194,34.401763262177255,63.218425891937585,38.954800009171194,0.6492429912135089,1,0,1
195,24.391934040077754,21.077273447199595,12.300088935061458,,0,0,0
196,23.624342917340563,21.587223781968916,,0.2921400817482094,0,0,0
197,23.85930133271436,24.452123975667345,,0.18730895376592405,0,0,0
198,27.238828023770616,59.784736239674565,31.256978461151036,0.7067310065173013,0,1,1
199,26.366251611175713,18.432438880747682,28.290803124904876,0.5275170661607836,0,0,0
200,29.343938942336635,,19.558967142082857,0.7108395591771548,0,0,0
201,28.42459474230655,35.97773594943535,30.002876905641056,0.5335197706864832,0,0,0
202,24.625596274187856,24.562576856217603,7.874880416795891,0.8866589233459024,0,0,0
203,30.00386048221868,48.98441237334791,22.919297308047845,0.3545592413216715,1,0,0
204,25.096311128754923,48.10781088440791,23.408261014964804,0.4069457717438973,1,0,0
205,22.51090488801684,12.82554610028124,26.304728848661764,0.37350854905992176,0,1,0
206,32.30679657606572,39.63625896672961,38.352654134302455,0.7031594478446671,0,0,0
207,24.920298174886895,20.361521927069873,18.525787874240525,0.8736617928401211,0,0,0
208,27.68743726399043,25.369037888306263,15.905127235087706,0.5235879084461955,0,0,0
209,26.23421274568276,31.251394938260127,13.55090028823056,0.5437230881360835,1,0,0
210,34.60514365721744,73.22093025096862,45.570867861329425,0.48783941218930815,1,1,1
211,23.70586741793334,43.6888611194949,19.368865104204573,0.5913993615929858,1,0,0
212,24.061066171595968,10.793078112347757,9.733067604138192,0.395914430864734,0,0,0
213,26.093309581922693,,15.311387517179705,0.6258820863951445,0,0,0
214,31.188911475664785,37.375825758282815,20.886846895913145,0.8054054388936078,0,0,0
215,23.146100707145603,30.825075236473285,24.964441039187676,0.51272579748479,1,0,0
216,29.270985704639685,51.911842326998,43.72552308697039,,1,1,1
217,24.582993021403844,25.74567269280554,9.855442217139396,0.7181347043782779,1,0,0
218,24.919536136534845,27.869983436580533,24.540667682251787,0.5356318313512526,0,1,0
219,25.68293689931145,43.21481986816716,54.97328956724188,0.38815103940671347,0,0,1
220,18.85167269508025,9.884820823177161,6.184643219994641,0.5498944608378816,1,0,0
221,28.84077109923641,50.574034613512694,18.637997592360122,0.5074967125077549,1,0,1
222,29.6773955251698,41.81661574869946,17.777230966388274,0.503963602699981,1,0,0
223,32.01287738017034,65.77043638233046,36.45624036254595,0.5830113048811872,0,1,1
224,29.815391642856728,47.909545552197486,,0.19807749236552297,1,0,0
225,24.595928640036895,10.192987337468171,15.479877925199844,0.5624814398806502,0,0,0
226,,36.7911621542288,44.88797303907805,0.8439986193260327,0,1,1
227,31.975439416606832,43.07072735317442,23.626807726647286,0.4970872616881379,0,0,0
228,27.757458986465565,26.483423501696464,41.81335197965254,0.3967197261087756,0,0,1
229,28.881680257791572,57.501899154501416,22.462916813305235,0.7506164819435954,1,0,1
230,,31.240088390404875,32.98390804262857,0.7739999468879224,0,0,0
231,25.942807690585216,24.67843343333351,26.75494008516858,0.4682167412192614,0,1,0
232,28.708158093836488,25.95276103850759,29.343781110480556,,0,1,0
233,27.5678857624661,44.262851699305116,19.312714725915182,0.5980208656141628,0,0,0
234,28.925799220266935,21.779371865935854,17.95518052550132,0.40284108182014106,0,0,0
235,26.70206564064965,50.48611858783148,16.683220624078324,0.37323115581161964,0,0,1
236,23.895022862438832,35.80727613322182,21.37555546345499,0.9703311127737242,0,0,0
237,34.080335780777304,41.302752008162415,31.464105095423086,0.11551049099630267,0,0,0
238,23.003643558784585,14.367193211251493,29.29437499962669,0.43088150283672283,0,1,0
239,26.39166650175627,37.593375987630886,31.543645277530008,0.8164368493329455,1,1,1
240,29.26271060050429,,18.543042870584564,0.12595459602639408,0,0,0
241,27.397150938333176,25.843360952557497,,0.4862285370391769,0,0,0
242,34.06535950956011,39.945673303562224,33.70277971301952,0.2538054311771162,0,0,0
243,28.10281283515173,30.606887078846558,24.40392884902412,0.3480577244478393,0,0,0
244,31.835013068025955,54.645160597743256,40.5801928628086,0.6832178843971211,1,0,1
245,21.132435581758887,12.79840029410705,5.405784408873826,0.6569261271348931,1,0,0
246,28.218756840747513,,14.604345715078418,,0,0,0
247,30.03322629156636,31.832586118091665,28.77565176038024,0.6418152606067565,0,0,0
248,,18.939453228982828,19.302334011576637,0.6492255113553366,0,0,0
249,21.239327993803506,,4.4621462876048135,0.5263176327054696,1,0,0
250,29.864001791009883,21.783306802017876,25.379550841984056,0.423416069193404,0,0,0
251,29.4817628100927,41.691192536564515,17.596351533357378,0.265843827350447,1,0,0
252,30.7114759265541,47.965373925589695,25.277823822276638,0.1786218180631422,1,0,0
253,25.58449353239527,37.63517600623486,12.56225576415331,1.054199328868954,1,0,0
254,25.48467847541027,30.44564064909156,13.895433018560617,0.504642936856737,1,0,0
255,29.141335161649316,43.69857567555859,31.88629876086418,0.31284201600690487,0,0,0
256,25.67406729582671,16.3384997074622,40.279633212960825,0.580739912041015,0,0,1
257,26.771795794555683,,25.559122929141356,0.26654145492437487,0,0,0
258,29.549720661057684,52.24483289524904,23.798618106226563,0.5405322223250809,0,0,1
259,22.56116460835284,7.9822151626396565,4.261721829304221,0.5680374612988567,0,0,0
260,,41.54865127322151,,0.6382765206434418,0,0,0
261,28.75230744503442,23.583358134018763,15.517319152216402,0.6388667963741365,0,0,0
262,26.30820082353527,34.70616837326658,19.141818267626306,0.5315668414607478,1,0,0
263,26.897133258285148,36.13668335951658,19.88888496306364,0.8160554671802965,1,0,0
264,22.710444085299645,22.241113003100264,12.348016477455591,0.1,1,0,0
265,20.843188110383466,28.299224867983582,7.503528589768411,0.5010480795610469,1,0,0
266,24.002504921200746,18.770419442657424,16.62734222963266,0.42001603101582563,0,0,0
267,23.068219125682504,5.260057152703956,20.210228928246995,0.46854420154327725,0,0,0
268,23.71942924078339,18.94816271015835,20.54588589429752,0.5616751221016089,0,1,0
269,23.599748161685927,12.079613089023383,14.000372642177243,0.32106033383778265,0,0,0
270,24.776063070332622,18.534109644778134,18.013221363182762,0.5500860418332428,0,0,0
271,26.102460944740745,22.428526567170994,,,0,1,1
272,23.27533774411154,2.778926768938324,44.62082257010595,0.915631375524202,0,1,1
273,33.56634777081091,41.649291811951656,41.02503835566101,0.40563115860703425,0,1,1
274,27.264816219386905,37.90711385830845,26.72169177427065,0.4967239040146262,1,1,1
275,28.52733515954815,26.904167323734104,30.36882626105735,,0,0,0
276,31.325985946332516,44.42268479853948,22.301481851984416,0.5578018486163567,0,0,0
277,27.18385825947522,40.84665556044412,20.36841489945546,0.39650773703945547,0,0,0
278,27.018511908049597,16.21192981233361,29.84208839586247,0.5025717372997006,0,1,0
279,28.874524261193073,,21.760427533205185,,1,0,0
280,,13.35643230398592,13.11891447617499,0.5154025493674913,0,0,0
281,22.914709198759297,29.184811035533365,6.399767589453212,0.5832413432562921,0,0,0
282,19.82356912548078,30.56202186972049,,0.42393140599459717,0,0,0
283,23.20833629211581,,18.17061732872291,,0,0,0
284,26.15506653046607,15.155062632993758,34.134821848223844,0.14506646913174714,0,1,0
285,26.42007232357998,26.375610301819275,35.772417230663194,0.4476777892395202,0,0,0
286,30.429145716279788,40.862550558968536,22.55676569275371,0.8193680015950555,0,0,0
287,26.534026586160635,,25.9128782704714,0.19560679457621422,0,0,0
288,30.681576337205286,45.25161371805471,37.37605018247084,0.7098295453888637,0,1,0
289,23.465672638554324,16.542317870298728,8.68647630964967,,0,0,0
290,25.453074357062896,16.47622292323863,27.453757143971316,0.6765918948624575,0,1,0
291,24.93574496025332,37.538848241684846,24.853120594511253,0.5113297120023208,0,0,0
292,31.14266418700293,33.61677638515111,42.97989501174422,,0,1,1
293,24.590009697404117,10.03062634332063,21.626850922549465,0.37687928511110047,0,0,0
294,32.147240527856624,29.39669559794338,35.66327366046676,0.4528278523897561,0,0,0
295,24.64252681605052,38.580598884332545,,0.4802210052809097,1,0,0
296,25.145279024592334,33.028833920234824,,0.40880443259546123,1,0,0
297,24.59364127442717,40.55933135554193,22.420077537600026,0.5990445378155096,1,0,0
298,24.14643468627993,8.37576548132415,,0.5582128835632247,0,0,0
299,25.978753471428245,,16.28357108522529,0.7058550298691244,1,0,0
300,36.24771882277857,71.98856544317903,38.625589606794435,0.1,1,0,1
301,28.948165731951978,34.17361360807192,41.15183868362984,0.9063668954276072,0,1,1
302,29.297841036888407,33.44610411961396,38.75584813104119,0.5680691684435167,0,1,0
303,27.677164868284983,32.65762657788492,35.596125983888875,0.23698583551368851,1,0,0
304,32.52473412412495,63.85715770161735,38.415321065960164,0.3424085144965915,1,0,1
305,22.579249825057374,18.039058863081085,32.31820612232879,0.6603022069350878,0,1,0
306,33.746852479281664,,42.9882761519275,0.44733605705511,0,0,1
307,29.710911586679515,50.1556118003042,27.542027616738427,,0,0,1
308,24.449063734896605,11.153792410269808,25.359239261758713,0.757789647644504,0,0,0
309,,35.013457336908886,,0.49913610124550545,0,0,0
310,27.043623847264588,32.49238517732903,31.560544384859767,0.44706651181807255,0,1,0
311,20.22742139240615,-8.098672237198647,21.371117401831597,0.5065830620906872,0,1,0
312,26.110913009992416,24.41731220422277,9.513328289989186,0.7629250347042993,0,0,0
313,,19.909899800676822,11.198383218456293,0.5657988945160412,0,0,0
314,28.67609743349553,44.709623606185346,30.701459779887397,0.6655552244284785,1,1,1
315,,16.026895019052535,47.42846894261913,0.271146976491771,0,1,1
316,26.57332560607599,35.82472959946018,,0.503997439331672,1,0,0
317,,3.140553496723401,7.643706607541153,0.3325281576041884,0,0,0
318,29.182553078873642,,28.55694642277984,0.3813328448377575,0,0,0
319,20.430729671018025,7.606828694957624,16.25071411743806,0.35783127082179766,0,0,0
320,25.987355826031404,22.15118659667091,31.545055370356593,0.10697630226062826,0,1,0
321,26.5537618419198,31.632970082168043,,,0,0,0
322,28.29672404368455,55.32382605008763,22.52007394698665,0.3956463724800703,1,1,1
323,28.364304277325385,49.78149967513012,21.086973732418567,0.41075239887106707,0,0,0
324,28.881871771690268,31.369853621291952,35.1711510541244,0.5152873941252039,0,1,0
325,24.886091118095987,20.98688303523685,13.633563955450649,0.2219272387493994,0,0,0
326,23.95048987166471,23.996553518808216,13.701817430064642,0.5835226407036522,1,0,0
327,24.137221157521466,10.134770086423407,28.089803374265973,0.36418582297769586,0,1,0
328,27.48312495745745,46.725369276699,16.27175133670899,0.8344433816395519,0,0,0
329,28.84637217473012,26.858841785327122,15.583724119796898,0.43286553412294837,0,0,0
330,26.938258467236878,45.82765034748558,31.491182613087304,0.2639192158342545,0,1,0
331,31.078286735545152,29.25740261368184,41.838221776726215,0.7941651089320043,0,0,1
332,32.99125721953489,61.5067461319513,23.901892542773766,0.46307226104316906,0,0,1
333,30.889668279671422,38.70401162107297,28.28007314696997,0.47324151236086465,0,0,0
334,,21.969121215849462,9.206971724061175,0.7780153462599073,1,0,0
335,29.95798035783175,45.73459600878701,18.80993382731362,0.5190595110048752,1,0,0
336,27.496178079736417,31.095618024126328,31.680145367681796,0.3505054592933673,1,0,0
337,24.566116672988255,15.581018829986853,32.323739876261776,0.5047270835274114,0,1,0
338,31.774366829433063,45.14352716580954,21.277554147074447,0.48146239155003845,0,0,0
339,27.743780261021968,,37.028502946699064,0.49577240217320945,0,1,0
340,27.988948927763264,35.67988058090505,26.10678079557979,0.6574335583329735,0,0,0
341,32.6511755930463,38.10443458497445,,0.7811113642718974,0,1,1
342,32.25703319731741,40.85260710924148,31.518216522887723,0.5103904924621657,0,0,0
343,24.239791433681138,44.73211197803505,28.43970302399361,0.6756409799447672,1,0,0
344,28.722075536912453,44.14677637819375,26.76887384560592,0.6694982969668057,0,0,0
345,32.20606622840745,31.609780137925398,30.292194213331104,0.809781712835195,0,0,0
346,23.52243928755111,24.673696937148325,12.038858607986608,0.8991534345964829,0,0,0
347,27.5407831287855,36.74144929129859,20.365532023880252,,0,0,0
348,24.413907030569007,,17.872510827168544,0.5277595449722228,0,0,0
349,31.99245240333678,34.361932764923296,44.613380758732646,0.811831059992836,0,1,1
350,27.399852683875526,18.264045179411067,18.00699458441597,0.42398380779400446,0,0,0
351,29.072020088058256,46.535455139764224,30.478815792905692,0.6949019873422169,0,0,0
352,28.871510215722477,35.690480310191674,24.603935398050496,0.1,0,0,0
353,,38.048507456417,71.08258874067879,0.39292311533376567,1,0,1
354,,49.63303455382281,44.58283449657972,0.578777247917906,0,0,1
355,29.151456647498314,43.61871665823103,25.364190909458745,0.5240436580773167,1,0,0
356,24.931234413633362,22.82706629632516,10.710243315314385,0.39524749551736477,0,0,0
357,21.496363170690437,10.27993142728586,15.12111675331548,0.1,0,1,0
358,,32.07521140749813,38.067306100077204,0.5782820646640274,0,1,0
359,27.148008996268675,44.45637972288759,46.61955383872203,0.6038964695311435,1,0,1
360,20.484853240597673,16.852175975207956,16.17312066862602,0.9997294558222422,0,1,0
361,27.284003009977205,40.490624967533144,28.39279725925067,0.9671851201698406,1,1,1
362,,21.66596005660082,27.05288820643593,0.3881871059092327,0,0,0
363,19.617451513830147,13.53659346667343,0.9166377737699118,0.1,1,0,0
364,25.325739300756375,37.61756528737409,22.92563358462867,0.609054358570417,0,1,0
365,27.401896498112468,36.43295643099829,12.184163559662096,0.4103786858907983,1,0,0
366,22.688891635674054,14.981386696717824,6.960957242106346,0.5737965234959951,0,0,0
367,26.79954033642413,42.951889859395905,8.505488936043427,0.5099882564495642,1,0,0
368,24.604168469054635,11.835392430733892,26.86044349052901,0.33130721743797864,0,1,0
369,19.021904899194475,40.88360366568819,8.443220667631977,0.7618397049624467,0,0,0
370,30.366256953520427,63.62757820144777,27.73887704872744,0.6997423567310732,0,0,1
371,31.260249408417884,59.10232454063274,37.95858970891571,0.21463863454795346,1,0,1
372,,40.280867134509116,20.395055086363204,0.890733945245805,1,0,0
373,27.14156206254478,23.876837888918548,40.36385472640248,0.7989022823316916,0,1,1
374,24.17477800931857,14.684963879577953,20.117027941476785,0.7098058451092072,0,0,0
375,27.367906805059764,27.25701442096681,31.202573059663507,0.6898815272088223,0,1,0
376,25.002417424263925,59.86133585475686,21.750554073728296,0.49927104982924475,1,0,1
377,28.93995759066631,25.613978327770557,34.049633326819766,0.7690742346663899,0,0,0
378,26.37320691620724,,18.634982492535123,0.1630748310260033,0,0,0
379,23.47340116474667,4.587327408466022,10.457233035321178,0.5816670346353702,0,0,0
380,27.710419863707763,34.282991937200975,17.938021681050564,0.34445545812617817,1,0,0
381,33.54899133482573,93.75006957554716,27.619206330703108,0.544725393090317,1,0,1
382,30.81033601805852,31.58459107578029,47.40094236710492,0.7069116610079776,0,0,1
383,,24.94298843874411,40.85416867864462,0.5978845125582912,0,1,1
384,,12.430049663953664,26.822011635756134,0.4543930231759702,0,0,0
385,32.52571155245383,40.01322552119149,,0.5039027828019831,0,0,0
386,32.108807620328356,44.337366246777265,44.52587572510827,0.3121678640681566,0,1,1
387,23.371956267824977,33.27348230683341,,0.5298326212404431,1,0,0
388,34.44577433743,40.22824934691981,43.32936051710578,0.46639008560998013,0,1,1
389,26.23025681026813,30.534110750610623,21.24872552562755,0.8699081782513076,0,0,0
390,32.01124846379537,74.67218369159978,24.027640881605095,0.6133141060718817,0,0,1
391,23.504353752936595,50.73593576030046,3.1162466034322005,0.3982270202650932,0,0,1
392,30.268711674493108,32.49657463585178,39.73949775719946,0.38847983639139727,0,1,0
393,24.528280000557462,42.25065842247854,28.84452726985379,0.7420961452947548,0,0,0
394,31.286450888080257,78.97127801702146,37.137926815091575,,0,1,1
395,31.883088732287106,44.44873351175471,33.58566427384696,0.350248763634491,0,0,0
396,24.05206623637996,3.2792596118295005,23.63104964135127,0.3517464387785897,0,0,0
397,22.58025104869404,7.9199801574855915,18.294706743069757,0.28541503439205707,0,1,0
398,23.620558510376938,12.320010510555992,14.613977787151597,0.3207967861995168,0,0,0
399,26.951308612417588,31.63589424738593,33.745516389652074,0.8449420666272697,0,0,0
400,23.55573718509129,22.32853056640826,22.711047538288877,0.48676117322009915,1,0,0
401,33.44070634287325,39.23790334337357,31.692755881200448,,0,0,0
402,29.778404349361832,33.987024643850354,29.89379055978424,,0,0,0
403,26.22128029621313,,19.902864602915237,0.6169097397874828,0,0,0
404,22.21080805237021,29.590492664336843,13.271237079540771,0.4460661310637434,0,0,0
405,22.531053089906113,12.699440749896148,33.56165839875137,0.45604339709382036,0,1,0
406,28.172094769342124,35.956637756797974,52.426104153091835,0.26850314746218523,1,0,1
407,27.547506946100867,,15.601084031994398,0.4100294251572728,1,0,0
408,,29.909985268533067,31.54850692108636,0.5120821572979417,0,1,0
409,,32.94863646825991,11.43529021895417,0.42574930521584703,1,0,0
410,,23.256081488241747,31.735962104346868,0.2930385706957158,1,1,1
411,22.371259351677427,12.861896270239267,26.802660541023613,0.8222102366673978,0,0,0
412,27.033986777909433,33.14605791544926,,0.13828970302569688,0,0,0
413,26.740199301068213,16.357710726142393,16.8470144842027,0.4078444647127695,0,0,0
414,27.331126945696223,20.345249571832518,20.04823950223451,0.15613032267278926,0,0,0
415,28.850449149217994,,29.57894229352883,0.5932695048234992,0,0,0
416,25.57024040477548,18.202240506724877,14.514713038698464,0.4118951397041675,0,0,0
417,28.963543014302665,37.48530250382197,,0.1,1,1,1
418,26.98885914844422,15.517385349233606,22.769711050242215,0.5438594353188895,0,0,0
419,22.18156729283239,24.83789456241947,,0.2377206001881198,0,0,0
420,26.57471159153945,24.255069761308658,21.777057523507548,,0,1,0
421,29.967286249590497,38.828329810415696,,0.5257457513176736,1,0,0
422,33.327629276691695,54.84163658442051,34.77263330670005,0.1637562384790998,1,0,1
423,27.70352891404399,15.516007869921246,19.97249409870509,0.6780730978015012,0,0,0
424,24.313553759343712,,16.449905372619593,0.24068837711840646,0,0,0
425,,12.205516588793722,22.724592573002646,0.10659187804236148,0,0,0
426,33.193503030219944,37.20704563740693,26.386951292978743,0.701240999988425,0,0,0
427,28.87476585867754,18.472873121745227,34.177976678367216,0.417676986957862,0,0,0
428,23.500129740441785,19.906046656375985,3.4399049337539944,0.7017290312160487,0,0,0
429,26.13561002262466,15.999251640099178,19.037470659604104,0.32078139742407674,0,0,0
430,24.44684899047948,12.883406976014092,,0.33614348647236897,0,1,0
431,27.778187697798227,33.631705483338195,,0.6267611101225625,1,0,0
432,24.163947245498527,26.919378747276497,18.963187659505767,0.7046886255635001,0,0,0
433,23.0249310201572,15.398706855543196,9.32363244481477,0.6531369802515026,0,0,0
434,28.550058864815977,35.3719969292048,16.18475025054324,0.9629892128263597,1,0,0
435,30.719711251820595,46.462860034510214,,0.5776194466141277,0,0,0
436,28.187435958741673,39.14503682759201,20.83679984904616,,1,0,0
437,26.413081867199065,24.727577950931682,11.145553156716293,0.7342415542640374,0,0,0
438,27.65019639961721,19.959135013240537,23.1855104484746,0.3003627114519258,0,0,0
439,27.610921320994603,25.32836456780944,49.416686226940456,0.741987295903566,0,1,1
440,26.666835579403795,,,0.42402050238329503,0,0,0
441,33.18384184012396,35.83242807328023,,0.6212230766236677,0,0,0
442,33.1426049906733,57.43922534523208,52.51197702768672,0.4440682016031902,0,1,1
443,28.936124711323313,20.36676277543901,26.57470847260844,,0,0,0
444,25.99306593157712,11.631551931719216,16.790103946875234,0.39729257862642586,0,0,0
445,26.387457602268427,19.31103035235251,21.36171978666349,0.24426296489533372,0,0,0
446,26.817712599997723,34.75117917279097,30.45275942407448,0.6407224195270212,0,0,0
447,24.141438282245772,29.490996780390894,23.99096439088919,0.42804256180156436,1,1,1
448,34.81410617833413,,28.140431499155756,0.8556770449455333,1,0,1
449,31.172393274027897,64.51408143807255,38.17910143052749,0.5037169717562964,1,0,1
450,34.47349700692908,37.35874927080641,35.14898308483899,0.6147877745568489,0,0,0
451,28.126193410962426,27.886022452525598,16.361263814166218,0.2112042959614298,0,0,0
452,23.99518874964309,26.590621834121997,10.574307199421744,0.33371532348813493,0,0,0
453,31.083975808918346,47.223719458696436,32.59356737718483,0.8453602692097619,1,1,1
454,18.0,1.9217682422351032,3.445035955292269,0.5587083684102192,0,0,0
455,26.07762758969852,37.644319539575434,15.67926084393174,0.45595509542296,0,0,0
456,28.396940530069905,31.25277484452604,37.84366609411259,0.5905327172235174,0,1,0
457,21.8431027851583,49.01672978375328,41.763809137358294,0.6257394751544808,1,1,1
458,,57.88575290785067,35.310708196128665,0.4690738817789636,0,1,1
459,20.982383513753234,17.791036970449674,15.025691577194824,0.28369026642438516,0,0,0
460,26.36064231669394,29.68154108809464,12.990355121707791,,1,0,0
461,27.405872025172282,12.24421131602034,,0.9163839164659437,0,0,0
462,18.68076156773268,9.17112203507985,2.2188064286925435,0.4002278676561216,0,0,0
463,30.89489770998048,52.460152299153535,28.24462596240684,0.8908948444801179,0,0,1
464,26.277934627319535,28.011489943043138,14.235698225522945,0.953891546635562,0,0,0
465,24.845386649634964,43.96881052445333,11.193016354358512,,0,0,0
466,31.217363012743373,66.32453738596121,26.740472958490372,0.6731843116133149,1,0,1
467,23.433456899646483,14.413384411334107,6.461116439138909,0.9807112352478053,0,0,0
468,30.301340109876463,26.698103737009717,36.543006939619495,0.48446047313478247,0,0,0
469,27.241954153407917,20.15753020003075,20.39997354531541,0.22373383635875294,0,0,0
470,30.44060447489641,48.505987811607504,20.88361860003562,0.5972022075515674,1,0,0
471,34.72774488577051,43.189831553853836,40.415812360073446,0.6971497370183547,0,0,1
472,31.11912786609941,52.01250411102122,30.70821359523739,0.733800725928605,0,0,1
473,25.800818503470744,28.542842114280877,17.51088426054876,0.13214853593557546,0,0,0
474,30.793630294659245,26.884662337652163,32.76243260440032,0.6825191679401051,0,0,0
475,29.577358861452204,,30.340436284277995,0.5232388694053666,0,0,0
476,28.81685879361695,64.48696067418406,28.82762533498899,0.27571517066458395,0,0,1
477,30.95283321406158,34.27154487155711,18.122661648846325,0.5968942723365629,0,0,0
478,30.454231757699077,37.73071101562699,27.323467499992912,0.7196533366353784,0,0,0
479,29.168142801517224,20.089026727089035,31.93322292826896,,0,0,0
480,26.14000604207745,28.259386496323444,,0.6078807887734554,0,0,0
481,31.43716479326934,34.12660509556406,22.626529617999175,0.4160305786585579,0,0,0
482,27.947407507620593,53.90364180004673,26.597737794730445,,0,0,1
483,,12.311049582554347,11.50549472342182,0.36335490225596867,0,0,0
484,26.10363304004443,58.801882899362084,15.301510213173135,0.4180484249639569,1,0,1
485,25.594281188226194,16.989254102598892,25.714929046286205,0.5164804191615455,0,1,0
486,,59.76926883246441,27.89260723210269,0.46186026060915414,1,0,1
487,24.002574997490157,25.03364102126441,11.870150931943622,0.44729650341834526,1,0,0
488,18.0,13.29833809994534,23.484935293782307,0.5313540938398977,1,1,1
489,29.936044249354172,53.71289532453818,22.198836544911856,0.4122468557435588,0,0,1
490,33.440089543412675,57.12510973674077,28.755692035691297,0.4971853254034299,1,0,1
491,30.10239333438166,83.30216774853112,34.746519183511055,0.7187998458896778,1,0,1
492,19.782900066582027,-3.9978381519561044,23.98743632076097,0.7422136450850036,0,1,0
493,28.15803050854813,65.55154732219464,25.62532835015727,0.4575129258949895,0,0,1
494,29.612377332896624,41.432842628736765,40.13304577435832,0.45730922331837637,1,1,1
495,26.864525068098224,70.18134926499286,45.51973716279551,0.6531556007170279,1,1,1
496,,81.87815518742819,34.91196759863344,0.40477300579271147,1,0,1
497,26.453670388109444,,18.364719600846193,0.4743991624852452,1,0,0
498,24.678243160793308,,23.70907474415199,0.47274893805562884,0,0,0
499,35.434703705162434,95.2634202462024,32.18718506855306,0.5474443930156703,0,0,1
500,28.09258641549932,33.37825171979139,22.923124819706096,0.15039568372606726,0,0,0
